{
  "genes": {
    "files": [
      {
        "filePath": "gene.fna",
        "fileType": "GENOMIC_NUCLEOTIDE_FASTA",
        "uncompressedLengthBytes": "31623"
      },
      {
        "filePath": "rna.fna",
        "fileType": "RNA_NUCLEOTIDE_FASTA",
        "uncompressedLengthBytes": "64869"
      },
      {
        "filePath": "protein.faa",
        "fileType": "PROTEIN_FASTA",
        "uncompressedLengthBytes": "11229"
      },
      {
        "filePath": "data_report.jsonl",
        "fileType": "DATA_REPORT",
        "uncompressedLengthBytes": "6282"
      }
    ]
  },
  "apiVersion": "V2"
}