{
  "genes": {
    "files": [
      {
        "filePath": "gene.fna",
        "fileType": "GENOMIC_NUCLEOTIDE_FASTA",
        "uncompressedLengthBytes": "27797"
      },
      {
        "filePath": "rna.fna",
        "fileType": "RNA_NUCLEOTIDE_FASTA",
        "uncompressedLengthBytes": "19589"
      },
      {
        "filePath": "protein.faa",
        "fileType": "PROTEIN_FASTA",
        "uncompressedLengthBytes": "639"
      },
      {
        "filePath": "data_report.jsonl",
        "fileType": "DATA_REPORT",
        "uncompressedLengthBytes": "2474"
      }
    ]
  },
  "apiVersion": "V2"
}