{
  "genes": {
    "files": [
      {
        "filePath": "gene.fna",
        "fileType": "GENOMIC_NUCLEOTIDE_FASTA",
        "uncompressedLengthBytes": "14505"
      },
      {
        "filePath": "rna.fna",
        "fileType": "RNA_NUCLEOTIDE_FASTA",
        "uncompressedLengthBytes": "2182"
      },
      {
        "filePath": "protein.faa",
        "fileType": "PROTEIN_FASTA",
        "uncompressedLengthBytes": "606"
      },
      {
        "filePath": "data_report.jsonl",
        "fileType": "DATA_REPORT",
        "uncompressedLengthBytes": "3207"
      }
    ]
  },
  "apiVersion": "V2"
}